agegroup,deathratio
0-9,0
10~19,0
20-29,0.00026062
30-39,0.001651333
40-49,0.006237006
50-59,0.023391813
60-69,0.081656124
70-79,0.199777318
80+,0.317993969