age,death ratio
9,0
19,0
29,0.00026062
39,0.001651333
49,0.006237006
59,0.023391813
69,0.081656124
79,0.199777318
89,0.317993969
